"ID","Name","LongName","Parent"
"L105","C:","C:","L101"
"L106","Users","C:/Users","L105"
"L107","Sokaina","C:/Users/Sokaina","L106"
"L108","Downloads","C:/Users/Sokaina/Downloads","L107"
"L109","Versiones-Junit5","C:/Users/Sokaina/Downloads/Versiones-Junit5","L108"
"L110","junit5-r5.0.1","C:/Users/Sokaina/Downloads/Versiones-Junit5/junit5-r5.0.1","L109"
"L111","documentation","C:/Users/Sokaina/Downloads/Versiones-Junit5/junit5-r5.0.1/documentation","L110"
"L1175","platform-tests","C:/Users/Sokaina/Downloads/Versiones-Junit5/junit5-r5.0.1/platform-tests","L110"
"L1183","junit-jupiter-engine","C:/Users/Sokaina/Downloads/Versiones-Junit5/junit5-r5.0.1/junit-jupiter-engine","L110"
"L1192","junit-jupiter-api","C:/Users/Sokaina/Downloads/Versiones-Junit5/junit5-r5.0.1/junit-jupiter-api","L110"
"L11315","junit-jupiter-migrationsupport","C:/Users/Sokaina/Downloads/Versiones-Junit5/junit5-r5.0.1/junit-jupiter-migrationsupport","L110"
"L11870","junit-jupiter-params","C:/Users/Sokaina/Downloads/Versiones-Junit5/junit5-r5.0.1/junit-jupiter-params","L110"
"L13372","junit-platform-commons","C:/Users/Sokaina/Downloads/Versiones-Junit5/junit5-r5.0.1/junit-platform-commons","L110"
"L16503","junit-platform-console","C:/Users/Sokaina/Downloads/Versiones-Junit5/junit5-r5.0.1/junit-platform-console","L110"
"L19020","junit-platform-engine","C:/Users/Sokaina/Downloads/Versiones-Junit5/junit5-r5.0.1/junit-platform-engine","L110"
"L21626","junit-platform-launcher","C:/Users/Sokaina/Downloads/Versiones-Junit5/junit5-r5.0.1/junit-platform-launcher","L110"
"L23016","junit-platform-runner","C:/Users/Sokaina/Downloads/Versiones-Junit5/junit5-r5.0.1/junit-platform-runner","L110"
"L23523","junit-platform-suite-api","C:/Users/Sokaina/Downloads/Versiones-Junit5/junit5-r5.0.1/junit-platform-suite-api","L110"
"L23567","junit-platform-surefire-provider","C:/Users/Sokaina/Downloads/Versiones-Junit5/junit5-r5.0.1/junit-platform-surefire-provider","L110"
"L23950","junit-vintage-engine","C:/Users/Sokaina/Downloads/Versiones-Junit5/junit5-r5.0.1/junit-vintage-engine","L110"
"L25866","src","C:/Users/Sokaina/Downloads/Versiones-Junit5/junit5-r5.0.1/src","L110"
"L25881","junit-platform-console-standalone","C:/Users/Sokaina/Downloads/Versiones-Junit5/junit5-r5.0.1/junit-platform-console-standalone","L110"
"L112","src","C:/Users/Sokaina/Downloads/Versiones-Junit5/junit5-r5.0.1/documentation/src","L111"
"L1176","src","C:/Users/Sokaina/Downloads/Versiones-Junit5/junit5-r5.0.1/platform-tests/src","L1175"
"L1184","src","C:/Users/Sokaina/Downloads/Versiones-Junit5/junit5-r5.0.1/junit-jupiter-engine/src","L1183"
"L1193","src","C:/Users/Sokaina/Downloads/Versiones-Junit5/junit5-r5.0.1/junit-jupiter-api/src","L1192"
"L11316","src","C:/Users/Sokaina/Downloads/Versiones-Junit5/junit5-r5.0.1/junit-jupiter-migrationsupport/src","L11315"
"L11871","src","C:/Users/Sokaina/Downloads/Versiones-Junit5/junit5-r5.0.1/junit-jupiter-params/src","L11870"
"L13373","src","C:/Users/Sokaina/Downloads/Versiones-Junit5/junit5-r5.0.1/junit-platform-commons/src","L13372"
"L16504","src","C:/Users/Sokaina/Downloads/Versiones-Junit5/junit5-r5.0.1/junit-platform-console/src","L16503"
"L19021","src","C:/Users/Sokaina/Downloads/Versiones-Junit5/junit5-r5.0.1/junit-platform-engine/src","L19020"
"L21627","src","C:/Users/Sokaina/Downloads/Versiones-Junit5/junit5-r5.0.1/junit-platform-launcher/src","L21626"
"L23017","src","C:/Users/Sokaina/Downloads/Versiones-Junit5/junit5-r5.0.1/junit-platform-runner/src","L23016"
"L23524","src","C:/Users/Sokaina/Downloads/Versiones-Junit5/junit5-r5.0.1/junit-platform-suite-api/src","L23523"
"L23568","src","C:/Users/Sokaina/Downloads/Versiones-Junit5/junit5-r5.0.1/junit-platform-surefire-provider/src","L23567"
"L23951","src","C:/Users/Sokaina/Downloads/Versiones-Junit5/junit5-r5.0.1/junit-vintage-engine/src","L23950"
"L25867","spotless","C:/Users/Sokaina/Downloads/Versiones-Junit5/junit5-r5.0.1/src/spotless","L25866"
"L25882","src","C:/Users/Sokaina/Downloads/Versiones-Junit5/junit5-r5.0.1/junit-platform-console-standalone/src","L25881"
"L113","test","C:/Users/Sokaina/Downloads/Versiones-Junit5/junit5-r5.0.1/documentation/src/test","L112"
"L1177","test","C:/Users/Sokaina/Downloads/Versiones-Junit5/junit5-r5.0.1/platform-tests/src/test","L1176"
"L1185","test","C:/Users/Sokaina/Downloads/Versiones-Junit5/junit5-r5.0.1/junit-jupiter-engine/src/test","L1184"
"L4836","main","C:/Users/Sokaina/Downloads/Versiones-Junit5/junit5-r5.0.1/junit-jupiter-engine/src/main","L1184"
"L1194","main","C:/Users/Sokaina/Downloads/Versiones-Junit5/junit5-r5.0.1/junit-jupiter-api/src/main","L1193"
"L11317","test","C:/Users/Sokaina/Downloads/Versiones-Junit5/junit5-r5.0.1/junit-jupiter-migrationsupport/src/test","L11316"
"L11325","main","C:/Users/Sokaina/Downloads/Versiones-Junit5/junit5-r5.0.1/junit-jupiter-migrationsupport/src/main","L11316"
"L11872","main","C:/Users/Sokaina/Downloads/Versiones-Junit5/junit5-r5.0.1/junit-jupiter-params/src/main","L11871"
"L11884","test","C:/Users/Sokaina/Downloads/Versiones-Junit5/junit5-r5.0.1/junit-jupiter-params/src/test","L11871"
"L13374","main","C:/Users/Sokaina/Downloads/Versiones-Junit5/junit5-r5.0.1/junit-platform-commons/src/main","L13373"
"L16505","main","C:/Users/Sokaina/Downloads/Versiones-Junit5/junit5-r5.0.1/junit-platform-console/src/main","L16504"
"L19022","main","C:/Users/Sokaina/Downloads/Versiones-Junit5/junit5-r5.0.1/junit-platform-engine/src/main","L19021"
"L21203","test","C:/Users/Sokaina/Downloads/Versiones-Junit5/junit5-r5.0.1/junit-platform-engine/src/test","L19021"
"L21628","main","C:/Users/Sokaina/Downloads/Versiones-Junit5/junit5-r5.0.1/junit-platform-launcher/src/main","L21627"
"L23018","main","C:/Users/Sokaina/Downloads/Versiones-Junit5/junit5-r5.0.1/junit-platform-runner/src/main","L23017"
"L23525","main","C:/Users/Sokaina/Downloads/Versiones-Junit5/junit5-r5.0.1/junit-platform-suite-api/src/main","L23524"
"L23569","main","C:/Users/Sokaina/Downloads/Versiones-Junit5/junit5-r5.0.1/junit-platform-surefire-provider/src/main","L23568"
"L23580","test","C:/Users/Sokaina/Downloads/Versiones-Junit5/junit5-r5.0.1/junit-platform-surefire-provider/src/test","L23568"
"L23952","main","C:/Users/Sokaina/Downloads/Versiones-Junit5/junit5-r5.0.1/junit-vintage-engine/src/main","L23951"
"L23960","test","C:/Users/Sokaina/Downloads/Versiones-Junit5/junit5-r5.0.1/junit-vintage-engine/src/test","L23951"
"L25883","test","C:/Users/Sokaina/Downloads/Versiones-Junit5/junit5-r5.0.1/junit-platform-console-standalone/src/test","L25882"
"L114","java","C:/Users/Sokaina/Downloads/Versiones-Junit5/junit5-r5.0.1/documentation/src/test/java","L113"
"L1178","java","C:/Users/Sokaina/Downloads/Versiones-Junit5/junit5-r5.0.1/platform-tests/src/test/java","L1177"
"L1186","java","C:/Users/Sokaina/Downloads/Versiones-Junit5/junit5-r5.0.1/junit-jupiter-engine/src/test/java","L1185"
"L4837","java","C:/Users/Sokaina/Downloads/Versiones-Junit5/junit5-r5.0.1/junit-jupiter-engine/src/main/java","L4836"
"L1195","java","C:/Users/Sokaina/Downloads/Versiones-Junit5/junit5-r5.0.1/junit-jupiter-api/src/main/java","L1194"
"L11318","java","C:/Users/Sokaina/Downloads/Versiones-Junit5/junit5-r5.0.1/junit-jupiter-migrationsupport/src/test/java","L11317"
"L11326","java","C:/Users/Sokaina/Downloads/Versiones-Junit5/junit5-r5.0.1/junit-jupiter-migrationsupport/src/main/java","L11325"
"L11873","java","C:/Users/Sokaina/Downloads/Versiones-Junit5/junit5-r5.0.1/junit-jupiter-params/src/main/java","L11872"
"L11885","java","C:/Users/Sokaina/Downloads/Versiones-Junit5/junit5-r5.0.1/junit-jupiter-params/src/test/java","L11884"
"L13375","java","C:/Users/Sokaina/Downloads/Versiones-Junit5/junit5-r5.0.1/junit-platform-commons/src/main/java","L13374"
"L16506","java","C:/Users/Sokaina/Downloads/Versiones-Junit5/junit5-r5.0.1/junit-platform-console/src/main/java","L16505"
"L19023","java","C:/Users/Sokaina/Downloads/Versiones-Junit5/junit5-r5.0.1/junit-platform-engine/src/main/java","L19022"
"L21204","java","C:/Users/Sokaina/Downloads/Versiones-Junit5/junit5-r5.0.1/junit-platform-engine/src/test/java","L21203"
"L21629","java","C:/Users/Sokaina/Downloads/Versiones-Junit5/junit5-r5.0.1/junit-platform-launcher/src/main/java","L21628"
"L23019","java","C:/Users/Sokaina/Downloads/Versiones-Junit5/junit5-r5.0.1/junit-platform-runner/src/main/java","L23018"
"L23526","java","C:/Users/Sokaina/Downloads/Versiones-Junit5/junit5-r5.0.1/junit-platform-suite-api/src/main/java","L23525"
"L23570","java","C:/Users/Sokaina/Downloads/Versiones-Junit5/junit5-r5.0.1/junit-platform-surefire-provider/src/main/java","L23569"
"L23581","java","C:/Users/Sokaina/Downloads/Versiones-Junit5/junit5-r5.0.1/junit-platform-surefire-provider/src/test/java","L23580"
"L23953","java","C:/Users/Sokaina/Downloads/Versiones-Junit5/junit5-r5.0.1/junit-vintage-engine/src/main/java","L23952"
"L23961","java","C:/Users/Sokaina/Downloads/Versiones-Junit5/junit5-r5.0.1/junit-vintage-engine/src/test/java","L23960"
"L25884","java","C:/Users/Sokaina/Downloads/Versiones-Junit5/junit5-r5.0.1/junit-platform-console-standalone/src/test/java","L25883"
"L115","example","C:/Users/Sokaina/Downloads/Versiones-Junit5/junit5-r5.0.1/documentation/src/test/java/example","L114"
"L1152","extensions","C:/Users/Sokaina/Downloads/Versiones-Junit5/junit5-r5.0.1/documentation/src/test/java/extensions","L114"
"L1179","org","C:/Users/Sokaina/Downloads/Versiones-Junit5/junit5-r5.0.1/platform-tests/src/test/java/org","L1178"
"L1187","org","C:/Users/Sokaina/Downloads/Versiones-Junit5/junit5-r5.0.1/junit-jupiter-engine/src/test/java/org","L1186"
"L4838","org","C:/Users/Sokaina/Downloads/Versiones-Junit5/junit5-r5.0.1/junit-jupiter-engine/src/main/java/org","L4837"
"L1196","org","C:/Users/Sokaina/Downloads/Versiones-Junit5/junit5-r5.0.1/junit-jupiter-api/src/main/java/org","L1195"
"L11319","org","C:/Users/Sokaina/Downloads/Versiones-Junit5/junit5-r5.0.1/junit-jupiter-migrationsupport/src/test/java/org","L11318"
"L11327","org","C:/Users/Sokaina/Downloads/Versiones-Junit5/junit5-r5.0.1/junit-jupiter-migrationsupport/src/main/java/org","L11326"
"L11874","org","C:/Users/Sokaina/Downloads/Versiones-Junit5/junit5-r5.0.1/junit-jupiter-params/src/main/java/org","L11873"
"L11886","org","C:/Users/Sokaina/Downloads/Versiones-Junit5/junit5-r5.0.1/junit-jupiter-params/src/test/java/org","L11885"
"L13376","org","C:/Users/Sokaina/Downloads/Versiones-Junit5/junit5-r5.0.1/junit-platform-commons/src/main/java/org","L13375"
"L16507","org","C:/Users/Sokaina/Downloads/Versiones-Junit5/junit5-r5.0.1/junit-platform-console/src/main/java/org","L16506"
"L19024","org","C:/Users/Sokaina/Downloads/Versiones-Junit5/junit5-r5.0.1/junit-platform-engine/src/main/java/org","L19023"
"L21205","org","C:/Users/Sokaina/Downloads/Versiones-Junit5/junit5-r5.0.1/junit-platform-engine/src/test/java/org","L21204"
"L21630","org","C:/Users/Sokaina/Downloads/Versiones-Junit5/junit5-r5.0.1/junit-platform-launcher/src/main/java/org","L21629"
"L23020","org","C:/Users/Sokaina/Downloads/Versiones-Junit5/junit5-r5.0.1/junit-platform-runner/src/main/java/org","L23019"
"L23527","org","C:/Users/Sokaina/Downloads/Versiones-Junit5/junit5-r5.0.1/junit-platform-suite-api/src/main/java/org","L23526"
"L23571","org","C:/Users/Sokaina/Downloads/Versiones-Junit5/junit5-r5.0.1/junit-platform-surefire-provider/src/main/java/org","L23570"
"L23582","org","C:/Users/Sokaina/Downloads/Versiones-Junit5/junit5-r5.0.1/junit-platform-surefire-provider/src/test/java/org","L23581"
"L23954","org","C:/Users/Sokaina/Downloads/Versiones-Junit5/junit5-r5.0.1/junit-vintage-engine/src/main/java/org","L23953"
"L23962","org","C:/Users/Sokaina/Downloads/Versiones-Junit5/junit5-r5.0.1/junit-vintage-engine/src/test/java/org","L23961"
"L25885","standalone","C:/Users/Sokaina/Downloads/Versiones-Junit5/junit5-r5.0.1/junit-platform-console-standalone/src/test/java/standalone","L25884"
"L267","defaultmethods","C:/Users/Sokaina/Downloads/Versiones-Junit5/junit5-r5.0.1/documentation/src/test/java/example/defaultmethods","L115"
"L523","exception","C:/Users/Sokaina/Downloads/Versiones-Junit5/junit5-r5.0.1/documentation/src/test/java/example/exception","L115"
"L922","testinterface","C:/Users/Sokaina/Downloads/Versiones-Junit5/junit5-r5.0.1/documentation/src/test/java/example/testinterface","L115"
"L1047","timing","C:/Users/Sokaina/Downloads/Versiones-Junit5/junit5-r5.0.1/documentation/src/test/java/example/timing","L115"
"L1180","junit","C:/Users/Sokaina/Downloads/Versiones-Junit5/junit5-r5.0.1/platform-tests/src/test/java/org/junit","L1179"
"L13299","jupiter","C:/Users/Sokaina/Downloads/Versiones-Junit5/junit5-r5.0.1/platform-tests/src/test/java/org/junit/jupiter","L1180"
"L13369","platform","C:/Users/Sokaina/Downloads/Versiones-Junit5/junit5-r5.0.1/platform-tests/src/test/java/org/junit/platform","L1180"
"L25583","api","C:/Users/Sokaina/Downloads/Versiones-Junit5/junit5-r5.0.1/platform-tests/src/test/java/org/junit/api","L1180"
"L13300","extensions","C:/Users/Sokaina/Downloads/Versiones-Junit5/junit5-r5.0.1/platform-tests/src/test/java/org/junit/jupiter/extensions","L13299"
"L13550","commons","C:/Users/Sokaina/Downloads/Versiones-Junit5/junit5-r5.0.1/platform-tests/src/test/java/org/junit/platform/commons","L13369"
"L16514","console","C:/Users/Sokaina/Downloads/Versiones-Junit5/junit5-r5.0.1/platform-tests/src/test/java/org/junit/platform/console","L13369"
"L19045","engine","C:/Users/Sokaina/Downloads/Versiones-Junit5/junit5-r5.0.1/platform-tests/src/test/java/org/junit/platform/engine","L13369"
"L21643","launcher","C:/Users/Sokaina/Downloads/Versiones-Junit5/junit5-r5.0.1/platform-tests/src/test/java/org/junit/platform/launcher","L13369"
"L23028","runner","C:/Users/Sokaina/Downloads/Versiones-Junit5/junit5-r5.0.1/platform-tests/src/test/java/org/junit/platform/runner","L13369"
"L25584","tools","C:/Users/Sokaina/Downloads/Versiones-Junit5/junit5-r5.0.1/platform-tests/src/test/java/org/junit/api/tools","L25583"
"L13551","support","C:/Users/Sokaina/Downloads/Versiones-Junit5/junit5-r5.0.1/platform-tests/src/test/java/org/junit/platform/commons/support","L13550"
"L13758","util","C:/Users/Sokaina/Downloads/Versiones-Junit5/junit5-r5.0.1/platform-tests/src/test/java/org/junit/platform/commons/util","L13550"
"L16665","options","C:/Users/Sokaina/Downloads/Versiones-Junit5/junit5-r5.0.1/platform-tests/src/test/java/org/junit/platform/console/options","L16514"
"L17324","tasks","C:/Users/Sokaina/Downloads/Versiones-Junit5/junit5-r5.0.1/platform-tests/src/test/java/org/junit/platform/console/tasks","L16514"
"L19010","subpackage","C:/Users/Sokaina/Downloads/Versiones-Junit5/junit5-r5.0.1/platform-tests/src/test/java/org/junit/platform/console/subpackage","L16514"
"L19140","discovery","C:/Users/Sokaina/Downloads/Versiones-Junit5/junit5-r5.0.1/platform-tests/src/test/java/org/junit/platform/engine/discovery","L19045"
"L19888","support","C:/Users/Sokaina/Downloads/Versiones-Junit5/junit5-r5.0.1/platform-tests/src/test/java/org/junit/platform/engine/support","L19045"
"L21663","core","C:/Users/Sokaina/Downloads/Versiones-Junit5/junit5-r5.0.1/platform-tests/src/test/java/org/junit/platform/launcher/core","L21643"
"L22807","listener","C:/Users/Sokaina/Downloads/Versiones-Junit5/junit5-r5.0.1/platform-tests/src/test/java/org/junit/platform/launcher/listener","L21643"
"L19889","descriptor","C:/Users/Sokaina/Downloads/Versiones-Junit5/junit5-r5.0.1/platform-tests/src/test/java/org/junit/platform/engine/support/descriptor","L19888"
"L20544","hierarchical","C:/Users/Sokaina/Downloads/Versiones-Junit5/junit5-r5.0.1/platform-tests/src/test/java/org/junit/platform/engine/support/hierarchical","L19888"
"L1188","junit","C:/Users/Sokaina/Downloads/Versiones-Junit5/junit5-r5.0.1/junit-jupiter-engine/src/test/java/org/junit","L1187"
"L4839","junit","C:/Users/Sokaina/Downloads/Versiones-Junit5/junit5-r5.0.1/junit-jupiter-engine/src/main/java/org/junit","L4838"
"L1189","jupiter","C:/Users/Sokaina/Downloads/Versiones-Junit5/junit5-r5.0.1/junit-jupiter-engine/src/test/java/org/junit/jupiter","L1188"
"L4840","jupiter","C:/Users/Sokaina/Downloads/Versiones-Junit5/junit5-r5.0.1/junit-jupiter-engine/src/main/java/org/junit/jupiter","L4839"
"L1238","api","C:/Users/Sokaina/Downloads/Versiones-Junit5/junit5-r5.0.1/junit-jupiter-engine/src/test/java/org/junit/jupiter/api","L1189"
"L4846","engine","C:/Users/Sokaina/Downloads/Versiones-Junit5/junit5-r5.0.1/junit-jupiter-engine/src/test/java/org/junit/jupiter/engine","L1189"
"L3266","extension","C:/Users/Sokaina/Downloads/Versiones-Junit5/junit5-r5.0.1/junit-jupiter-engine/src/test/java/org/junit/jupiter/api/extension","L1238"
"L4900","descriptor","C:/Users/Sokaina/Downloads/Versiones-Junit5/junit5-r5.0.1/junit-jupiter-engine/src/test/java/org/junit/jupiter/engine/descriptor","L4846"
"L6288","discovery","C:/Users/Sokaina/Downloads/Versiones-Junit5/junit5-r5.0.1/junit-jupiter-engine/src/test/java/org/junit/jupiter/engine/discovery","L4846"
"L7405","execution","C:/Users/Sokaina/Downloads/Versiones-Junit5/junit5-r5.0.1/junit-jupiter-engine/src/test/java/org/junit/jupiter/engine/execution","L4846"
"L8498","extension","C:/Users/Sokaina/Downloads/Versiones-Junit5/junit5-r5.0.1/junit-jupiter-engine/src/test/java/org/junit/jupiter/engine/extension","L4846"
"L9843","bridge","C:/Users/Sokaina/Downloads/Versiones-Junit5/junit5-r5.0.1/junit-jupiter-engine/src/test/java/org/junit/jupiter/engine/bridge","L4846"
"L6075","subpackage","C:/Users/Sokaina/Downloads/Versiones-Junit5/junit5-r5.0.1/junit-jupiter-engine/src/test/java/org/junit/jupiter/engine/descriptor/subpackage","L4900"
"L6676","predicates","C:/Users/Sokaina/Downloads/Versiones-Junit5/junit5-r5.0.1/junit-jupiter-engine/src/test/java/org/junit/jupiter/engine/discovery/predicates","L6288"
"L8283","injection","C:/Users/Sokaina/Downloads/Versiones-Junit5/junit5-r5.0.1/junit-jupiter-engine/src/test/java/org/junit/jupiter/engine/execution/injection","L7405"
"L9564","sub","C:/Users/Sokaina/Downloads/Versiones-Junit5/junit5-r5.0.1/junit-jupiter-engine/src/test/java/org/junit/jupiter/engine/extension/sub","L8498"
"L8284","sample","C:/Users/Sokaina/Downloads/Versiones-Junit5/junit5-r5.0.1/junit-jupiter-engine/src/test/java/org/junit/jupiter/engine/execution/injection/sample","L8283"
"L4841","engine","C:/Users/Sokaina/Downloads/Versiones-Junit5/junit5-r5.0.1/junit-jupiter-engine/src/main/java/org/junit/jupiter/engine","L4840"
"L4880","descriptor","C:/Users/Sokaina/Downloads/Versiones-Junit5/junit5-r5.0.1/junit-jupiter-engine/src/main/java/org/junit/jupiter/engine/descriptor","L4841"
"L6276","discovery","C:/Users/Sokaina/Downloads/Versiones-Junit5/junit5-r5.0.1/junit-jupiter-engine/src/main/java/org/junit/jupiter/engine/discovery","L4841"
"L7392","execution","C:/Users/Sokaina/Downloads/Versiones-Junit5/junit5-r5.0.1/junit-jupiter-engine/src/main/java/org/junit/jupiter/engine/execution","L4841"
"L8488","extension","C:/Users/Sokaina/Downloads/Versiones-Junit5/junit5-r5.0.1/junit-jupiter-engine/src/main/java/org/junit/jupiter/engine/extension","L4841"
"L6665","predicates","C:/Users/Sokaina/Downloads/Versiones-Junit5/junit5-r5.0.1/junit-jupiter-engine/src/main/java/org/junit/jupiter/engine/discovery/predicates","L6276"
"L1197","junit","C:/Users/Sokaina/Downloads/Versiones-Junit5/junit5-r5.0.1/junit-jupiter-api/src/main/java/org/junit","L1196"
"L1198","jupiter","C:/Users/Sokaina/Downloads/Versiones-Junit5/junit5-r5.0.1/junit-jupiter-api/src/main/java/org/junit/jupiter","L1197"
"L1199","api","C:/Users/Sokaina/Downloads/Versiones-Junit5/junit5-r5.0.1/junit-jupiter-api/src/main/java/org/junit/jupiter/api","L1198"
"L3243","extension","C:/Users/Sokaina/Downloads/Versiones-Junit5/junit5-r5.0.1/junit-jupiter-api/src/main/java/org/junit/jupiter/api/extension","L1199"
"L3712","function","C:/Users/Sokaina/Downloads/Versiones-Junit5/junit5-r5.0.1/junit-jupiter-api/src/main/java/org/junit/jupiter/api/function","L1199"
"L11320","junit","C:/Users/Sokaina/Downloads/Versiones-Junit5/junit5-r5.0.1/junit-jupiter-migrationsupport/src/test/java/org/junit","L11319"
"L11328","junit","C:/Users/Sokaina/Downloads/Versiones-Junit5/junit5-r5.0.1/junit-jupiter-migrationsupport/src/main/java/org/junit","L11327"
"L11321","jupiter","C:/Users/Sokaina/Downloads/Versiones-Junit5/junit5-r5.0.1/junit-jupiter-migrationsupport/src/test/java/org/junit/jupiter","L11320"
"L11329","jupiter","C:/Users/Sokaina/Downloads/Versiones-Junit5/junit5-r5.0.1/junit-jupiter-migrationsupport/src/main/java/org/junit/jupiter","L11328"
"L11322","migrationsupport","C:/Users/Sokaina/Downloads/Versiones-Junit5/junit5-r5.0.1/junit-jupiter-migrationsupport/src/test/java/org/junit/jupiter/migrationsupport","L11321"
"L11338","rules","C:/Users/Sokaina/Downloads/Versiones-Junit5/junit5-r5.0.1/junit-jupiter-migrationsupport/src/test/java/org/junit/jupiter/migrationsupport/rules","L11322"
"L11330","migrationsupport","C:/Users/Sokaina/Downloads/Versiones-Junit5/junit5-r5.0.1/junit-jupiter-migrationsupport/src/main/java/org/junit/jupiter/migrationsupport","L11329"
"L11331","rules","C:/Users/Sokaina/Downloads/Versiones-Junit5/junit5-r5.0.1/junit-jupiter-migrationsupport/src/main/java/org/junit/jupiter/migrationsupport/rules","L11330"
"L11354","adapter","C:/Users/Sokaina/Downloads/Versiones-Junit5/junit5-r5.0.1/junit-jupiter-migrationsupport/src/main/java/org/junit/jupiter/migrationsupport/rules/adapter","L11331"
"L11472","member","C:/Users/Sokaina/Downloads/Versiones-Junit5/junit5-r5.0.1/junit-jupiter-migrationsupport/src/main/java/org/junit/jupiter/migrationsupport/rules/member","L11331"
"L11875","junit","C:/Users/Sokaina/Downloads/Versiones-Junit5/junit5-r5.0.1/junit-jupiter-params/src/main/java/org/junit","L11874"
"L11887","junit","C:/Users/Sokaina/Downloads/Versiones-Junit5/junit5-r5.0.1/junit-jupiter-params/src/test/java/org/junit","L11886"
"L11876","jupiter","C:/Users/Sokaina/Downloads/Versiones-Junit5/junit5-r5.0.1/junit-jupiter-params/src/main/java/org/junit/jupiter","L11875"
"L11888","jupiter","C:/Users/Sokaina/Downloads/Versiones-Junit5/junit5-r5.0.1/junit-jupiter-params/src/test/java/org/junit/jupiter","L11887"
"L11877","params","C:/Users/Sokaina/Downloads/Versiones-Junit5/junit5-r5.0.1/junit-jupiter-params/src/main/java/org/junit/jupiter/params","L11876"
"L11895","converter","C:/Users/Sokaina/Downloads/Versiones-Junit5/junit5-r5.0.1/junit-jupiter-params/src/main/java/org/junit/jupiter/params/converter","L11877"
"L12422","provider","C:/Users/Sokaina/Downloads/Versiones-Junit5/junit5-r5.0.1/junit-jupiter-params/src/main/java/org/junit/jupiter/params/provider","L11877"
"L13084","support","C:/Users/Sokaina/Downloads/Versiones-Junit5/junit5-r5.0.1/junit-jupiter-params/src/main/java/org/junit/jupiter/params/support","L11877"
"L11889","params","C:/Users/Sokaina/Downloads/Versiones-Junit5/junit5-r5.0.1/junit-jupiter-params/src/test/java/org/junit/jupiter/params","L11888"
"L11904","converter","C:/Users/Sokaina/Downloads/Versiones-Junit5/junit5-r5.0.1/junit-jupiter-params/src/test/java/org/junit/jupiter/params/converter","L11889"
"L12438","provider","C:/Users/Sokaina/Downloads/Versiones-Junit5/junit5-r5.0.1/junit-jupiter-params/src/test/java/org/junit/jupiter/params/provider","L11889"
"L13377","junit","C:/Users/Sokaina/Downloads/Versiones-Junit5/junit5-r5.0.1/junit-platform-commons/src/main/java/org/junit","L13376"
"L13378","platform","C:/Users/Sokaina/Downloads/Versiones-Junit5/junit5-r5.0.1/junit-platform-commons/src/main/java/org/junit/platform","L13377"
"L13379","commons","C:/Users/Sokaina/Downloads/Versiones-Junit5/junit5-r5.0.1/junit-platform-commons/src/main/java/org/junit/platform/commons","L13378"
"L13383","annotation","C:/Users/Sokaina/Downloads/Versiones-Junit5/junit5-r5.0.1/junit-platform-commons/src/main/java/org/junit/platform/commons/annotation","L13379"
"L13395","logging","C:/Users/Sokaina/Downloads/Versiones-Junit5/junit5-r5.0.1/junit-platform-commons/src/main/java/org/junit/platform/commons/logging","L13379"
"L13545","support","C:/Users/Sokaina/Downloads/Versiones-Junit5/junit5-r5.0.1/junit-platform-commons/src/main/java/org/junit/platform/commons/support","L13379"
"L13740","util","C:/Users/Sokaina/Downloads/Versiones-Junit5/junit5-r5.0.1/junit-platform-commons/src/main/java/org/junit/platform/commons/util","L13379"
"L16508","junit","C:/Users/Sokaina/Downloads/Versiones-Junit5/junit5-r5.0.1/junit-platform-console/src/main/java/org/junit","L16507"
"L16509","platform","C:/Users/Sokaina/Downloads/Versiones-Junit5/junit5-r5.0.1/junit-platform-console/src/main/java/org/junit/platform","L16508"
"L16510","console","C:/Users/Sokaina/Downloads/Versiones-Junit5/junit5-r5.0.1/junit-platform-console/src/main/java/org/junit/platform/console","L16509"
"L16653","options","C:/Users/Sokaina/Downloads/Versiones-Junit5/junit5-r5.0.1/junit-platform-console/src/main/java/org/junit/platform/console/options","L16510"
"L17310","tasks","C:/Users/Sokaina/Downloads/Versiones-Junit5/junit5-r5.0.1/junit-platform-console/src/main/java/org/junit/platform/console/tasks","L16510"
"L19025","junit","C:/Users/Sokaina/Downloads/Versiones-Junit5/junit5-r5.0.1/junit-platform-engine/src/main/java/org/junit","L19024"
"L21206","junit","C:/Users/Sokaina/Downloads/Versiones-Junit5/junit5-r5.0.1/junit-platform-engine/src/test/java/org/junit","L21205"
"L19026","platform","C:/Users/Sokaina/Downloads/Versiones-Junit5/junit5-r5.0.1/junit-platform-engine/src/main/java/org/junit/platform","L19025"
"L21207","platform","C:/Users/Sokaina/Downloads/Versiones-Junit5/junit5-r5.0.1/junit-platform-engine/src/test/java/org/junit/platform","L21206"
"L19027","engine","C:/Users/Sokaina/Downloads/Versiones-Junit5/junit5-r5.0.1/junit-platform-engine/src/main/java/org/junit/platform/engine","L19026"
"L19121","discovery","C:/Users/Sokaina/Downloads/Versiones-Junit5/junit5-r5.0.1/junit-platform-engine/src/main/java/org/junit/platform/engine/discovery","L19027"
"L19844","reporting","C:/Users/Sokaina/Downloads/Versiones-Junit5/junit5-r5.0.1/junit-platform-engine/src/main/java/org/junit/platform/engine/reporting","L19027"
"L19873","support","C:/Users/Sokaina/Downloads/Versiones-Junit5/junit5-r5.0.1/junit-platform-engine/src/main/java/org/junit/platform/engine/support","L19027"
"L19874","descriptor","C:/Users/Sokaina/Downloads/Versiones-Junit5/junit5-r5.0.1/junit-platform-engine/src/main/java/org/junit/platform/engine/support/descriptor","L19873"
"L20499","filter","C:/Users/Sokaina/Downloads/Versiones-Junit5/junit5-r5.0.1/junit-platform-engine/src/main/java/org/junit/platform/engine/support/filter","L19873"
"L20536","hierarchical","C:/Users/Sokaina/Downloads/Versiones-Junit5/junit5-r5.0.1/junit-platform-engine/src/main/java/org/junit/platform/engine/support/hierarchical","L19873"
"L21208","engine","C:/Users/Sokaina/Downloads/Versiones-Junit5/junit5-r5.0.1/junit-platform-engine/src/test/java/org/junit/platform/engine","L21207"
"L21209","test","C:/Users/Sokaina/Downloads/Versiones-Junit5/junit5-r5.0.1/junit-platform-engine/src/test/java/org/junit/platform/engine/test","L21208"
"L21214","event","C:/Users/Sokaina/Downloads/Versiones-Junit5/junit5-r5.0.1/junit-platform-engine/src/test/java/org/junit/platform/engine/test/event","L21209"
"L21631","junit","C:/Users/Sokaina/Downloads/Versiones-Junit5/junit5-r5.0.1/junit-platform-launcher/src/main/java/org/junit","L21630"
"L21632","platform","C:/Users/Sokaina/Downloads/Versiones-Junit5/junit5-r5.0.1/junit-platform-launcher/src/main/java/org/junit/platform","L21631"
"L21633","launcher","C:/Users/Sokaina/Downloads/Versiones-Junit5/junit5-r5.0.1/junit-platform-launcher/src/main/java/org/junit/platform/launcher","L21632"
"L21651","core","C:/Users/Sokaina/Downloads/Versiones-Junit5/junit5-r5.0.1/junit-platform-launcher/src/main/java/org/junit/platform/launcher/core","L21633"
"L22401","listeners","C:/Users/Sokaina/Downloads/Versiones-Junit5/junit5-r5.0.1/junit-platform-launcher/src/main/java/org/junit/platform/launcher/listeners","L21633"
"L23021","junit","C:/Users/Sokaina/Downloads/Versiones-Junit5/junit5-r5.0.1/junit-platform-runner/src/main/java/org/junit","L23020"
"L23022","platform","C:/Users/Sokaina/Downloads/Versiones-Junit5/junit5-r5.0.1/junit-platform-runner/src/main/java/org/junit/platform","L23021"
"L23023","runner","C:/Users/Sokaina/Downloads/Versiones-Junit5/junit5-r5.0.1/junit-platform-runner/src/main/java/org/junit/platform/runner","L23022"
"L23528","junit","C:/Users/Sokaina/Downloads/Versiones-Junit5/junit5-r5.0.1/junit-platform-suite-api/src/main/java/org/junit","L23527"
"L23529","platform","C:/Users/Sokaina/Downloads/Versiones-Junit5/junit5-r5.0.1/junit-platform-suite-api/src/main/java/org/junit/platform","L23528"
"L23530","suite","C:/Users/Sokaina/Downloads/Versiones-Junit5/junit5-r5.0.1/junit-platform-suite-api/src/main/java/org/junit/platform/suite","L23529"
"L23531","api","C:/Users/Sokaina/Downloads/Versiones-Junit5/junit5-r5.0.1/junit-platform-suite-api/src/main/java/org/junit/platform/suite/api","L23530"
"L23572","junit","C:/Users/Sokaina/Downloads/Versiones-Junit5/junit5-r5.0.1/junit-platform-surefire-provider/src/main/java/org/junit","L23571"
"L23583","junit","C:/Users/Sokaina/Downloads/Versiones-Junit5/junit5-r5.0.1/junit-platform-surefire-provider/src/test/java/org/junit","L23582"
"L23573","platform","C:/Users/Sokaina/Downloads/Versiones-Junit5/junit5-r5.0.1/junit-platform-surefire-provider/src/main/java/org/junit/platform","L23572"
"L23584","platform","C:/Users/Sokaina/Downloads/Versiones-Junit5/junit5-r5.0.1/junit-platform-surefire-provider/src/test/java/org/junit/platform","L23583"
"L23574","surefire","C:/Users/Sokaina/Downloads/Versiones-Junit5/junit5-r5.0.1/junit-platform-surefire-provider/src/main/java/org/junit/platform/surefire","L23573"
"L23575","provider","C:/Users/Sokaina/Downloads/Versiones-Junit5/junit5-r5.0.1/junit-platform-surefire-provider/src/main/java/org/junit/platform/surefire/provider","L23574"
"L23585","surefire","C:/Users/Sokaina/Downloads/Versiones-Junit5/junit5-r5.0.1/junit-platform-surefire-provider/src/test/java/org/junit/platform/surefire","L23584"
"L23586","provider","C:/Users/Sokaina/Downloads/Versiones-Junit5/junit5-r5.0.1/junit-platform-surefire-provider/src/test/java/org/junit/platform/surefire/provider","L23585"
"L23955","junit","C:/Users/Sokaina/Downloads/Versiones-Junit5/junit5-r5.0.1/junit-vintage-engine/src/main/java/org/junit","L23954"
"L23963","junit","C:/Users/Sokaina/Downloads/Versiones-Junit5/junit5-r5.0.1/junit-vintage-engine/src/test/java/org/junit","L23962"
"L23956","vintage","C:/Users/Sokaina/Downloads/Versiones-Junit5/junit5-r5.0.1/junit-vintage-engine/src/main/java/org/junit/vintage","L23955"
"L23964","vintage","C:/Users/Sokaina/Downloads/Versiones-Junit5/junit5-r5.0.1/junit-vintage-engine/src/test/java/org/junit/vintage","L23963"
"L23957","engine","C:/Users/Sokaina/Downloads/Versiones-Junit5/junit5-r5.0.1/junit-vintage-engine/src/main/java/org/junit/vintage/engine","L23956"
"L23974","descriptor","C:/Users/Sokaina/Downloads/Versiones-Junit5/junit5-r5.0.1/junit-vintage-engine/src/main/java/org/junit/vintage/engine/descriptor","L23957"
"L24058","discovery","C:/Users/Sokaina/Downloads/Versiones-Junit5/junit5-r5.0.1/junit-vintage-engine/src/main/java/org/junit/vintage/engine/discovery","L23957"
"L24659","execution","C:/Users/Sokaina/Downloads/Versiones-Junit5/junit5-r5.0.1/junit-vintage-engine/src/main/java/org/junit/vintage/engine/execution","L23957"
"L24901","support","C:/Users/Sokaina/Downloads/Versiones-Junit5/junit5-r5.0.1/junit-vintage-engine/src/main/java/org/junit/vintage/engine/support","L23957"
"L23965","engine","C:/Users/Sokaina/Downloads/Versiones-Junit5/junit5-r5.0.1/junit-vintage-engine/src/test/java/org/junit/vintage/engine","L23964"
"L24076","discovery","C:/Users/Sokaina/Downloads/Versiones-Junit5/junit5-r5.0.1/junit-vintage-engine/src/test/java/org/junit/vintage/engine/discovery","L23965"
"L24664","execution","C:/Users/Sokaina/Downloads/Versiones-Junit5/junit5-r5.0.1/junit-vintage-engine/src/test/java/org/junit/vintage/engine/execution","L23965"
"L24905","support","C:/Users/Sokaina/Downloads/Versiones-Junit5/junit5-r5.0.1/junit-vintage-engine/src/test/java/org/junit/vintage/engine/support","L23965"
"L25088","samples","C:/Users/Sokaina/Downloads/Versiones-Junit5/junit5-r5.0.1/junit-vintage-engine/src/test/java/org/junit/vintage/engine/samples","L23965"
"L25091","junit3","C:/Users/Sokaina/Downloads/Versiones-Junit5/junit5-r5.0.1/junit-vintage-engine/src/test/java/org/junit/vintage/engine/samples/junit3","L25088"
"L25109","junit4","C:/Users/Sokaina/Downloads/Versiones-Junit5/junit5-r5.0.1/junit-vintage-engine/src/test/java/org/junit/vintage/engine/samples/junit4","L25088"
